{
  "timestamp": "2026-01-20T15:51:13.492665",
  "statistics": {
    "total_processed": 988,
    "ready_for_upload": 388,
    "review_needed": 596,
    "no_labels_found": 4,
    "total_labels_generated": 2846,
    "errors": 0,
    "card_distribution": {
      "53": 913,
      "52": 117,
      "31": 14,
      "54": 683,
      "44": 101,
      "49": 234,
      "47": 209,
      "16": 4,
      "14": 22,
      "5": 28,
      "9": 32,
      "25": 25,
      "26": 90,
      "51": 19,
      "18": 21,
      "24": 62,
      "4": 8,
      "48": 26,
      "3": 29,
      "36": 64,
      "30": 17,
      "11": 9,
      "1": 34,
      "27": 20,
      "39": 18,
      "7": 5,
      "6": 3,
      "10": 9,
      "28": 1,
      "43": 1,
      "50": 16,
      "19": 3,
      "29": 2,
      "2": 2,
      "13": 3,
      "41": 2
    }
  },
  "thresholds": {
    "high_confidence": 0.6,
    "low_confidence": 0.3
  },
  "recommendations": {
    "upload_rate": 39.27125506072874,
    "immediate_upload": 388,
    "needs_review": 596,
    "manual_annotation": 4
  }
}